beta\Jz1,-1, -2
1,0.762421,0.821068
2,0.888066,0.913725
