beta, m^2
0.1,0.00331537
0.3,0.00764254
0.5,0.0333308
0.7,0.257308
