beta, m^2
0.1,0.00324873
0.3,0.00831105
0.5,0.0431205
0.7,0.318656
