beta, m^2
0.1,0.00363454
0.3,0.00985867
0.5,0.224196
0.7,0.545709
