beta, m^2
0.1,0.00324579
0.2,0.00498276
0.3,0.0079658
0.4,0.0167235
0.5,0.0826547
