beta, m^2
0.1,0.00329824
0.2,0.00480632
0.3,0.00799114
0.4,0.0167487
0.5,0.0874537
